nb_precision,nb_recall,nb_f1,lr_precision,lr_recall,lr_f1,svm_precision,svm_recall,svm_f1
0.0,0.0,0.0,0.4,0.2,0.26666666666666666,0.4,0.2,0.26666666666666666
0.0,0.0,0.0,0.3333333333333333,0.2,0.25,0.4,0.2,0.26666666666666666
0.0,0.0,0.0,0.5,0.3,0.375,0.5,0.2,0.2857142857142857
0.0,0.0,0.0,1.0,0.2,0.3333333333333333,1.0,0.2,0.3333333333333333
0.0,0.0,0.0,0.75,0.3,0.42857142857142855,0.6666666666666666,0.2,0.3076923076923077
0.0,0.0,0.0,1.0,0.3,0.46153846153846156,1.0,0.3,0.46153846153846156
0.0,0.0,0.0,0.75,0.3,0.42857142857142855,0.75,0.3,0.42857142857142855
0.0,0.0,0.0,1.0,0.2,0.3333333333333333,1.0,0.1,0.18181818181818182
0.0,0.0,0.0,1.0,0.1,0.18181818181818182,0.0,0.0,0.0
0.0,0.0,0.0,0.75,0.3,0.42857142857142855,0.6666666666666666,0.2,0.3076923076923077
0.0,0.0,0.0,1.0,0.3,0.46153846153846156,1.0,0.3,0.46153846153846156
0.0,0.0,0.0,0.6666666666666666,0.2,0.3076923076923077,0.6666666666666666,0.2,0.3076923076923077
0.0,0.0,0.0,0.75,0.3,0.42857142857142855,1.0,0.3,0.46153846153846156
0.0,0.0,0.0,0.5,0.2,0.2857142857142857,1.0,0.2,0.3333333333333333
0.0,0.0,0.0,0.5,0.2,0.2857142857142857,0.3333333333333333,0.1,0.15384615384615385
0.0,0.0,0.0,0.6,0.3,0.4,0.6666666666666666,0.2,0.3076923076923077
0.0,0.0,0.0,0.5,0.2,0.2857142857142857,1.0,0.2,0.3333333333333333
0.0,0.0,0.0,0.3333333333333333,0.2,0.25,0.6666666666666666,0.2,0.3076923076923077
0.0,0.0,0.0,1.0,0.4,0.5714285714285714,1.0,0.3,0.46153846153846156
0.0,0.0,0.0,0.75,0.3,0.42857142857142855,0.0,0.0,0.0
0.0,0.0,0.0,1.0,0.3,0.46153846153846156,1.0,0.3,0.46153846153846156
0.0,0.0,0.0,0.5,0.2,0.2857142857142857,1.0,0.1,0.18181818181818182
0.0,0.0,0.0,1.0,0.4,0.5714285714285714,1.0,0.3,0.46153846153846156
0.0,0.0,0.0,0.5,0.2,0.2857142857142857,0.5,0.1,0.16666666666666666
0.0,0.0,0.0,0.5,0.3,0.375,0.75,0.3,0.42857142857142855
0.0,0.0,0.0,1.0,0.4,0.5714285714285714,1.0,0.3,0.46153846153846156
0.0,0.0,0.0,1.0,0.2,0.3333333333333333,0.0,0.0,0.0
0.0,0.0,0.0,1.0,0.3,0.46153846153846156,1.0,0.2,0.3333333333333333
0.0,0.0,0.0,1.0,0.3,0.46153846153846156,1.0,0.3,0.46153846153846156
0.0,0.0,0.0,1.0,0.4,0.5714285714285714,1.0,0.4,0.5714285714285714
